-- phpMyAdmin SQL Dump
-- version 4.5.0.2
-- http://www.phpmyadmin.net
--
-- Host: localhost
-- Generation Time: Dec 01, 2016 at 10:50 PM
-- Server version: 10.0.17-MariaDB
-- PHP Version: 5.6.14

SET SQL_MODE = "NO_AUTO_VALUE_ON_ZERO";
SET time_zone = "+00:00";


/*!40101 SET @OLD_CHARACTER_SET_CLIENT=@@CHARACTER_SET_CLIENT */;
/*!40101 SET @OLD_CHARACTER_SET_RESULTS=@@CHARACTER_SET_RESULTS */;
/*!40101 SET @OLD_COLLATION_CONNECTION=@@COLLATION_CONNECTION */;
/*!40101 SET NAMES utf8mb4 */;

--
-- Database: `MovieRental`
--

-- --------------------------------------------------------

--
-- Table structure for table `ActedIn`
--

CREATE TABLE `ActedIn` (
  `MovieID` int(11) NOT NULL,
  `ActorID` int(11) NOT NULL
) ENGINE=InnoDB DEFAULT CHARSET=latin1;

--
-- Dumping data for table `ActedIn`
--

INSERT INTO `ActedIn` (`MovieID`, `ActorID`) VALUES
(1, 120),
(1, 211),
(1, 389),
(2, 80),
(2, 255),
(2, 293),
(3, 236),
(3, 258),
(3, 283),
(4, 88),
(4, 149),
(4, 368),
(5, 121),
(5, 128),
(5, 134),
(6, 183),
(6, 349),
(6, 373),
(7, 52),
(7, 53),
(7, 349),
(8, 29),
(8, 259),
(8, 349),
(9, 16),
(9, 37),
(9, 62),
(10, 62),
(10, 159),
(10, 302),
(11, 37),
(11, 222),
(11, 348),
(12, 115),
(12, 261),
(12, 289),
(13, 4),
(13, 46),
(13, 89),
(14, 246),
(14, 247),
(14, 315),
(15, 29),
(15, 213),
(15, 369),
(16, 334),
(16, 349),
(16, 392),
(17, 64),
(17, 225),
(17, 264),
(18, 64),
(18, 225),
(18, 264),
(19, 64),
(19, 225),
(19, 264),
(20, 149),
(20, 216),
(20, 265),
(21, 24),
(21, 59),
(21, 125),
(22, 62),
(22, 228),
(22, 260),
(23, 173),
(23, 374),
(23, 378),
(24, 77),
(24, 265),
(24, 267),
(25, 25),
(25, 141),
(25, 171),
(26, 68),
(26, 276),
(26, 319),
(27, 170),
(27, 282),
(27, 312),
(28, 9),
(28, 122),
(28, 265),
(29, 55),
(29, 135),
(29, 148),
(30, 154),
(30, 217),
(30, 253),
(31, 99),
(31, 107),
(31, 265),
(32, 112),
(32, 116),
(32, 196),
(33, 134),
(33, 326),
(33, 343),
(34, 6),
(34, 30),
(34, 60),
(35, 5),
(35, 243),
(35, 369),
(36, 93),
(36, 111),
(36, 336),
(37, 82),
(37, 198),
(37, 215),
(38, 35),
(38, 117),
(38, 125),
(39, 57),
(39, 314),
(39, 344),
(40, 57),
(40, 137),
(40, 145),
(41, 57),
(41, 335),
(41, 338),
(42, 139),
(42, 290),
(42, 369),
(43, 184),
(43, 189),
(43, 351),
(44, 288),
(44, 304),
(44, 325),
(45, 19),
(45, 134),
(45, 384),
(46, 102),
(46, 305),
(46, 308),
(47, 119),
(47, 309),
(47, 359),
(48, 94),
(48, 276),
(48, 319),
(49, 18),
(49, 121),
(49, 160),
(50, 6),
(50, 34),
(50, 42),
(51, 86),
(51, 142),
(51, 294),
(52, 29),
(52, 104),
(52, 368),
(53, 36),
(53, 217),
(53, 319),
(54, 12),
(54, 93),
(54, 281),
(55, 117),
(55, 352),
(55, 386),
(56, 7),
(56, 250),
(56, 257),
(57, 35),
(57, 99),
(57, 140),
(58, 8),
(58, 98),
(58, 103),
(59, 8),
(59, 10),
(59, 103),
(60, 41),
(60, 90),
(60, 273),
(61, 185),
(61, 213),
(61, 234),
(62, 318),
(62, 329),
(62, 369),
(63, 147),
(63, 192),
(63, 219),
(64, 252),
(64, 297),
(64, 381),
(65, 6),
(65, 349),
(65, 364),
(66, 28),
(66, 74),
(66, 133),
(67, 70),
(67, 176),
(67, 325),
(68, 4),
(68, 9),
(68, 215),
(69, 50),
(69, 90),
(69, 250),
(70, 105),
(70, 190),
(70, 197),
(71, 25),
(71, 277),
(71, 321),
(72, 187),
(72, 280),
(72, 354),
(73, 33),
(73, 244),
(73, 328),
(74, 37),
(74, 61),
(74, 392),
(75, 76),
(75, 108),
(75, 324),
(76, 76),
(76, 108),
(76, 324),
(77, 76),
(77, 108),
(77, 324),
(78, 76),
(78, 108),
(78, 324),
(79, 76),
(79, 108),
(79, 324),
(80, 76),
(80, 108),
(80, 324),
(81, 76),
(81, 108),
(81, 324),
(82, 76),
(82, 108),
(82, 324),
(83, 65),
(83, 321),
(83, 350),
(84, 3),
(84, 25),
(84, 92),
(85, 112),
(85, 165),
(85, 330),
(86, 193),
(86, 227),
(86, 239),
(87, 30),
(87, 164),
(87, 383),
(88, 51),
(88, 134),
(88, 203),
(89, 13),
(89, 134),
(89, 341),
(90, 15),
(90, 134),
(90, 207),
(91, 20),
(91, 172),
(91, 251),
(92, 104),
(92, 151),
(92, 256),
(93, 162),
(93, 314),
(93, 360),
(94, 269),
(94, 314),
(94, 332),
(95, 27),
(95, 130),
(95, 314),
(96, 96),
(96, 157),
(96, 232),
(97, 60),
(97, 212),
(97, 214),
(98, 309),
(98, 317),
(98, 323),
(99, 121),
(99, 214),
(99, 374),
(100, 37),
(100, 166),
(100, 313),
(101, 164),
(101, 223),
(101, 331),
(102, 331),
(102, 358),
(102, 386),
(103, 43),
(103, 61),
(103, 381),
(104, 235),
(104, 302),
(104, 345),
(105, 20),
(105, 144),
(105, 325),
(106, 75),
(106, 193),
(106, 329),
(107, 100),
(107, 146),
(107, 379),
(108, 100),
(108, 146),
(108, 379),
(109, 100),
(109, 146),
(109, 379),
(110, 16),
(110, 141),
(110, 266),
(111, 49),
(111, 130),
(111, 178),
(112, 230),
(112, 374),
(112, 383),
(113, 322),
(113, 374),
(113, 383),
(114, 195),
(114, 374),
(114, 383),
(115, 109),
(115, 190),
(115, 368),
(116, 291),
(116, 350),
(116, 368),
(117, 97),
(117, 362),
(117, 368),
(118, 267),
(118, 296),
(118, 368),
(119, 301),
(119, 350),
(119, 368),
(120, 113),
(120, 129),
(120, 181),
(121, 116),
(121, 184),
(121, 279),
(122, 161),
(122, 195),
(122, 374),
(123, 125),
(123, 188),
(123, 365),
(124, 19),
(124, 134),
(124, 340),
(125, 55),
(125, 217),
(125, 319),
(126, 54),
(126, 367),
(126, 384),
(127, 134),
(127, 203),
(127, 287),
(128, 90),
(128, 382),
(128, 390),
(129, 2),
(129, 22),
(129, 322),
(130, 18),
(130, 155),
(130, 185),
(131, 50),
(131, 81),
(131, 320),
(132, 221),
(132, 274),
(132, 295),
(133, 47),
(133, 355),
(133, 356),
(134, 23),
(134, 44),
(134, 355),
(135, 47),
(135, 355),
(135, 356),
(136, 47),
(136, 355),
(136, 356),
(137, 47),
(137, 355),
(137, 356),
(138, 44),
(138, 355),
(138, 356),
(139, 248),
(139, 369),
(139, 372),
(140, 35),
(140, 35),
(140, 272),
(141, 37),
(141, 166),
(141, 313),
(142, 218),
(142, 366),
(142, 384),
(143, 11),
(143, 218),
(143, 366),
(144, 218),
(144, 363),
(144, 366),
(145, 242),
(145, 265),
(145, 298),
(146, 60),
(146, 204),
(146, 391),
(147, 39),
(147, 191),
(147, 284),
(148, 236),
(148, 284),
(148, 388),
(149, 226),
(149, 307),
(149, 388),
(150, 87),
(150, 226),
(150, 388),
(151, 39),
(151, 191),
(151, 284),
(152, 60),
(152, 204),
(152, 391),
(153, 87),
(153, 226),
(153, 388),
(154, 39),
(154, 191),
(154, 284),
(155, 87),
(155, 226),
(155, 388),
(156, 87),
(156, 226),
(156, 388),
(157, 87),
(157, 226),
(157, 388),
(158, 116),
(158, 228),
(158, 275),
(159, 116),
(159, 136),
(159, 275),
(160, 116),
(160, 136),
(160, 275),
(161, 48),
(161, 134),
(161, 241),
(162, 48),
(162, 134),
(162, 241),
(163, 48),
(163, 134),
(163, 241),
(164, 72),
(164, 180),
(164, 281),
(165, 9),
(165, 296),
(165, 337),
(166, 208),
(166, 262),
(166, 346),
(167, 66),
(167, 123),
(167, 361),
(168, 21),
(168, 66),
(168, 310),
(169, 66),
(169, 123),
(169, 238),
(170, 38),
(170, 206),
(170, 215),
(171, 66),
(171, 123),
(171, 246),
(172, 40),
(172, 270),
(172, 376),
(173, 24),
(173, 231),
(173, 259),
(174, 24),
(174, 231),
(174, 316),
(175, 17),
(175, 107),
(175, 306),
(176, 17),
(176, 107),
(176, 158),
(177, 247),
(177, 261),
(177, 264),
(178, 57),
(178, 58),
(178, 314),
(179, 57),
(179, 58),
(179, 314),
(180, 51),
(180, 205),
(180, 227),
(181, 162),
(181, 182),
(181, 201),
(182, 56),
(182, 200),
(182, 248),
(183, 99),
(183, 169),
(183, 299),
(184, 175),
(184, 200),
(184, 248),
(185, 84),
(185, 175),
(185, 248),
(186, 1),
(186, 62),
(186, 138),
(187, 20),
(187, 62),
(187, 370),
(188, 149),
(188, 227),
(188, 248),
(189, 16),
(189, 62),
(189, 245),
(190, 123),
(190, 131),
(190, 368),
(191, 4),
(191, 150),
(191, 246),
(192, 4),
(192, 313),
(192, 315),
(193, 4),
(193, 91),
(193, 356),
(194, 9),
(194, 331),
(194, 341),
(195, 99),
(195, 233),
(195, 387),
(196, 71),
(196, 143),
(196, 335),
(197, 69),
(197, 124),
(197, 140),
(198, 240),
(198, 251),
(198, 327),
(199, 153),
(199, 167),
(199, 250),
(200, 63),
(200, 177),
(200, 303),
(201, 164),
(201, 201),
(201, 380),
(202, 49),
(202, 210),
(202, 224),
(203, 49),
(203, 210),
(203, 224),
(204, 49),
(204, 210),
(204, 224),
(205, 45),
(205, 249),
(205, 300),
(206, 90),
(206, 199),
(206, 333),
(207, 32),
(207, 220),
(207, 377),
(208, 110),
(208, 126),
(208, 285),
(209, 62),
(209, 144),
(209, 338),
(210, 50),
(210, 237),
(210, 318),
(211, 93),
(211, 227),
(211, 370),
(212, 9),
(212, 186),
(212, 292),
(213, 79),
(213, 149),
(213, 347),
(214, 42),
(214, 132),
(214, 375),
(215, 17),
(215, 171),
(215, 202),
(216, 25),
(216, 152),
(216, 272),
(217, 174),
(217, 278),
(217, 342),
(218, 144),
(218, 311),
(218, 357),
(219, 83),
(219, 127),
(219, 385),
(220, 14),
(220, 83),
(220, 127),
(221, 67),
(221, 75),
(221, 286),
(222, 41),
(222, 214),
(222, 353),
(223, 58),
(223, 275),
(223, 371),
(224, 58),
(224, 275),
(224, 371),
(225, 32),
(225, 208),
(225, 227),
(226, 95),
(226, 364),
(226, 369),
(227, 95),
(227, 364),
(227, 369),
(228, 95),
(228, 364),
(228, 369),
(229, 90),
(229, 114),
(229, 339),
(230, 26),
(230, 101),
(230, 163),
(231, 85),
(231, 106),
(231, 168),
(232, 73),
(232, 271),
(232, 368),
(233, 31),
(233, 48),
(233, 254),
(234, 144),
(234, 146),
(234, 284),
(235, 156),
(235, 166),
(235, 262),
(236, 144),
(236, 156),
(236, 284),
(237, 156),
(237, 213),
(237, 262),
(238, 78),
(238, 144),
(238, 229),
(239, 144),
(239, 146),
(239, 284),
(240, 144),
(240, 146),
(240, 284),
(241, 61),
(241, 172),
(241, 179);

-- --------------------------------------------------------

--
-- Table structure for table `Actor`
--

CREATE TABLE `Actor` (
  `ActorID` int(11) NOT NULL,
  `ActorName` varchar(255) NOT NULL
) ENGINE=InnoDB DEFAULT CHARSET=latin1;

--
-- Dumping data for table `Actor`
--

INSERT INTO `Actor` (`ActorID`, `ActorName`) VALUES
(1, 'Aaron Eckhart '),
(2, 'Adam Pascal'),
(3, 'Adrian Brody'),
(4, 'Al Pacino'),
(5, 'Alan Alda'),
(6, 'Alan Rickman'),
(7, 'Alan Ruck'),
(8, 'Albert Brooks'),
(9, 'Alec Baldwin'),
(10, 'Alexander Gould'),
(11, 'Alfred Molina'),
(12, 'Alicia Vikander '),
(13, 'Alison Doody'),
(14, 'Amanda Peet'),
(15, 'Amrish Puri'),
(16, 'Amy Adams'),
(17, 'Andrew Garfield'),
(18, 'Andy Serkis'),
(19, 'Anne Archer'),
(20, 'Anne Hathaway'),
(21, 'Annette O’Toole'),
(22, 'Anthony Rapp'),
(23, 'Antonio Tarver'),
(24, 'Arnold Schwarzenegger'),
(25, 'Ben Affleck'),
(26, 'Ben Burtt'),
(27, 'Ben Kingsley'),
(28, 'Bill Murray'),
(29, 'Bill Paxton'),
(30, 'Bill Pullman'),
(31, 'Billy Crystal'),
(32, 'Billy Zane'),
(33, 'Blake Lively'),
(34, 'Bonnie Bedelia'),
(35, 'Brad Pitt'),
(36, 'Bradford Dillman'),
(37, 'Bradley Cooper'),
(38, 'Brandon Routh'),
(39, 'Brent Spiner'),
(40, 'Brian Blessed'),
(41, 'Bruce Greenwood'),
(42, 'Bruce Willis'),
(43, 'Bryce Dallas Howard'),
(44, 'Burt Young'),
(45, 'C Thomas Howell'),
(46, 'Cameron Diaz'),
(47, 'Carl Weathers'),
(48, 'Carrie Fisher'),
(49, 'Carrie-Anne Moss'),
(50, 'Cary Elwes'),
(51, 'Cate Blanchett'),
(52, 'Charles Dance'),
(53, 'Charles Dutton'),
(54, 'Charlie Sheen'),
(55, 'Charlton Heston'),
(56, 'Chris Cooper'),
(57, 'Chris Evans'),
(58, 'Chris Hemsworth'),
(59, 'Chris O’Donnell'),
(60, 'Chris Pine'),
(61, 'Chris Pratt'),
(62, 'Christian Bale'),
(63, 'Christopher Daniel Barnes'),
(64, 'Christopher Lloyd'),
(65, 'Christopher Plummer'),
(66, 'Christopher Reeve'),
(67, 'Ciaran Hinds'),
(68, 'Claude Akins'),
(69, 'Colin Firth'),
(70, 'Connie Nielsen'),
(71, 'Craig T Nelson'),
(72, 'Daisy Ridley'),
(73, 'Dakota Fanning'),
(74, 'Dan Aykroyd'),
(75, 'Daniel Day Lewis'),
(76, 'Daniel Radcliffe'),
(77, 'Danny DeVito'),
(78, 'Danny Huston'),
(79, 'Danny Lloyd'),
(80, 'Darren McGavin'),
(81, 'Dave Chappelle'),
(82, 'Dave Foley'),
(83, 'David Duchovny'),
(84, 'David Strathairn'),
(85, 'David Thewlis'),
(86, 'Dee Wallace'),
(87, 'DeForest Kelley'),
(88, 'Demi Moore'),
(89, 'Dennis Quaid'),
(90, 'Denzel Washington'),
(91, 'Diane Keaton'),
(92, 'Diane Lane'),
(93, 'Domhnall Gleeson'),
(94, 'Don Murray'),
(95, 'Don Rickles'),
(96, 'Donna Reed'),
(97, 'Dougray Scott'),
(98, 'Ed O’Neill'),
(99, 'Edward Norton'),
(100, 'Elijah Wood'),
(101, 'Elissa Knight'),
(102, 'Elizabeth Taylor'),
(103, 'Ellen DeGeneres'),
(104, 'Emily Blunt'),
(105, 'Emily Duschanel'),
(106, 'Emily Watson'),
(107, 'Emma Stone'),
(108, 'Emma Watson'),
(109, 'Emmanuelle Beart'),
(110, 'Emmy Rossum'),
(111, 'Emory Cohen'),
(112, 'Eric Bana'),
(113, 'Eric Idle'),
(114, 'Ethan Hawke'),
(115, 'Evangeline Lilly'),
(116, 'Ewan McGregor'),
(117, 'Frances McDormand'),
(119, 'Francois Truffaut'),
(120, 'Gary Lockwood'),
(121, 'Gary Oldman'),
(122, 'Geena Davis'),
(123, 'Gene Hackman'),
(124, 'Geoffrey Rush'),
(125, 'George Clooney'),
(126, 'Gerard Butler'),
(127, 'Gillian Anderson'),
(128, 'Glenn Close'),
(129, 'Graham Chapman'),
(130, 'Guy Pearce'),
(131, 'Hal Holbrook'),
(132, 'Haley Joel Osmont'),
(133, 'Harold Ramis'),
(134, 'Harrison Ford'),
(135, 'Haya Harareet'),
(136, 'Hayden Christiansen'),
(137, 'Hayley Atwell'),
(138, 'Heath Ledger'),
(139, 'Helen Hunt'),
(140, 'Helena Bonham Carter'),
(141, 'Henry Cavill'),
(142, 'Henry Thomas'),
(143, 'Holly Hunter'),
(144, 'Hugh Jackman'),
(145, 'Hugo Weaving'),
(146, 'Ian McKellen'),
(147, 'Idina Menzel'),
(148, 'Jack Hawkins'),
(149, 'Jack Nicholson'),
(150, 'James Caan'),
(151, 'James Corden'),
(152, 'James Cromwell'),
(153, 'James Earl Jones'),
(154, 'James Franciscus'),
(155, 'James Franco'),
(156, 'James McAvoy'),
(157, 'James Stewart'),
(158, 'Jamie Foxx'),
(159, 'Jared Leto'),
(160, 'Jason Clarke'),
(161, 'Javier Bardem'),
(162, 'Jeff Bridges'),
(163, 'Jeff Garlin'),
(164, 'Jeff Goldblum'),
(165, 'Jennifer Connelly'),
(166, 'Jennifer Lawrence'),
(167, 'Jeremy Irons'),
(168, 'Jeremy Irvine'),
(169, 'Jeremy Renner'),
(170, 'Jesse Corti'),
(171, 'Jesse Eisenberg'),
(172, 'Jessica Chastain'),
(173, 'Jim Carrey'),
(174, 'Jim Caviezel'),
(175, 'Joan Allen'),
(176, 'Joaquin Phoenix'),
(177, 'Jodi Benson'),
(178, 'Joe Pantoliano'),
(179, 'Joel Edgerton'),
(180, 'John Boyega'),
(181, 'John Cleese'),
(182, 'John Goodman'),
(183, 'John Hurt'),
(184, 'John Leguizamo'),
(185, 'John Lithgow'),
(186, 'John Lone'),
(187, 'John Travolta'),
(188, 'John Tuturro'),
(189, 'Jon Favreau'),
(190, 'Jon Voight'),
(191, 'Jonathan Frakes'),
(192, 'Jonathan Groff'),
(193, 'Joseph Gordon-Levitt'),
(195, 'Josh Brolin'),
(196, 'Josh Hartnett'),
(197, 'Josh Lucas'),
(198, 'Julia Louis-Dreyus'),
(199, 'Julia Roberts'),
(200, 'Julia Stiles'),
(201, 'Julianne Moore'),
(202, 'Justin Timberlake'),
(203, 'Karen Allen'),
(204, 'Karl Urban'),
(205, 'Kate Beckinsale'),
(206, 'Kate Bosworth'),
(207, 'Kate Capshaw'),
(208, 'Kate Winslet'),
(210, 'Keanu Reeves'),
(211, 'Keir Dullea'),
(212, 'Keira Knightley'),
(213, 'Kevin Bacon'),
(214, 'Kevin Costner'),
(215, 'Kevin Spacey'),
(216, 'Kim Basinger'),
(217, 'Kim Hunter'),
(218, 'Kirsten Dunst'),
(219, 'Kristen Bell'),
(220, 'Kristy Swanson'),
(221, 'Kurtwood Smith'),
(222, 'Kyle Gallner'),
(223, 'Laura Dern'),
(224, 'Laurence Fishburne'),
(225, 'Lea Thompson'),
(226, 'Leonard Nimoy'),
(227, 'Leonardo DiCaprio'),
(228, 'Liam Neeson'),
(229, 'Liev Schreiber'),
(230, 'Linda Fiorentino'),
(231, 'Linda Hamilton'),
(232, 'Lionel Barrymore'),
(233, 'Liv Tyler'),
(234, 'Lori Singer'),
(235, 'Luke Wilson'),
(236, 'Malcolm McDowall'),
(237, 'Mandy Patinkin'),
(238, 'Margot Kidder'),
(239, 'Marion Cotillard'),
(240, 'Marisa Tomei'),
(241, 'Mark Hamill'),
(242, 'Mark Ruffalo'),
(243, 'Mark Rylance'),
(244, 'Mark Strong'),
(245, 'Mark Wahlberg'),
(246, 'Marlon Brando'),
(247, 'Martin Sheen'),
(248, 'Matt Damon'),
(249, 'Matt Dillon'),
(250, 'Matthew Broderick'),
(251, 'Matthew McConaughey'),
(252, 'Matthew Modine'),
(253, 'Maurice Evans'),
(254, 'Meg Ryan'),
(255, 'Melinda Dillon'),
(256, 'Meryl Streep'),
(257, 'Mia Sara'),
(258, 'Michael Bates'),
(259, 'Michael Biehn'),
(260, 'Michael Caine'),
(261, 'Michael Douglas'),
(262, 'Michael Fassbender'),
(263, 'Michael Fassbender'),
(264, 'Michael J Fox'),
(265, 'Michael Keaton'),
(266, 'Michael Shannon'),
(267, 'Michelle Monaghan'),
(268, 'Michelle Pfeiffer '),
(269, 'Mickey Rourke'),
(270, 'Minnie Driver'),
(271, 'Miranda Otto'),
(272, 'Morgan Freeman'),
(273, 'Nadine Velazquez'),
(274, 'Nancy Allen'),
(275, 'Natalie Portman'),
(276, 'Natalie Trundy'),
(277, 'Neil Patrick Harris'),
(278, 'Nick Nolte'),
(279, 'Nicole Kidman'),
(280, 'Olivia Newton-John'),
(281, 'Oscar Issac'),
(282, 'Paige O’Hara'),
(283, 'Patrick Magee'),
(284, 'Patrick Stewart'),
(285, 'Patrick Wilson'),
(286, 'Paul Dano'),
(287, 'Paul Freeman'),
(288, 'Paul Giamatti '),
(289, 'Paul Rudd'),
(290, 'Paul Sanchez'),
(291, 'Paula Patton'),
(292, 'Penelope Ann Miller'),
(293, 'Peter Billingsley'),
(294, 'Peter Coyote'),
(295, 'Peter Weller'),
(296, 'Phillip Seymour Hoffman'),
(297, 'R Lee Ermey'),
(298, 'Rachel McAdams'),
(299, 'Rachel Weisz'),
(300, 'Ralph Macchio'),
(301, 'Rebecca Ferguson'),
(302, 'Reese Witherspoon'),
(303, 'Rene Auberjonois'),
(304, 'Renee Zellweger'),
(305, 'Rex Harrison'),
(306, 'Rhys Ifans'),
(307, 'Ricardo Montalban'),
(308, 'Richard Burton'),
(309, 'Richard Dreyfuss'),
(310, 'Richard Pryor'),
(311, 'Rila Fukushima'),
(312, 'Robby Benson'),
(313, 'Robert DeNiro'),
(314, 'Robert Downey Jr'),
(315, 'Robert Duvall'),
(316, 'Robert Patrick'),
(317, 'Robert Shaw'),
(318, 'Robin Wright'),
(319, 'Roddy McDowall'),
(320, 'Roger Rees'),
(321, 'Rosamund Pike'),
(322, 'Rosario Dawson'),
(323, 'Roy Scheider'),
(324, 'Rupert Grint'),
(325, 'Russell Crowe'),
(326, 'Rutger Hauer'),
(327, 'Ryan Philippe'),
(328, 'Ryan Reynolds'),
(329, 'Sally Fields'),
(330, 'Sam Elliott'),
(331, 'Sam Neil'),
(332, 'Sam Rockwell'),
(333, 'Sam Shepard'),
(334, 'Sam Worthington'),
(335, 'Samuel L Jackson'),
(336, 'Saoirse Ronan'),
(337, 'Sarah Jessica Parker'),
(338, 'Scarlett Johansson'),
(339, 'Scott Glenn'),
(340, 'Sean Bean'),
(341, 'Sean Connery'),
(342, 'Sean Penn'),
(343, 'Sean Young'),
(344, 'Sebastian Stan'),
(345, 'Selma Blair'),
(346, 'Seth Rogen'),
(347, 'Shelley Duvall'),
(348, 'Sienna Miller'),
(349, 'Sigourney Weaver'),
(350, 'Simon Pegg'),
(351, 'Sofia Vergara'),
(352, 'Steve Buscemi'),
(353, 'Steven Culp'),
(354, 'Stockard Channing'),
(355, 'Sylvester Stallone'),
(356, 'Talia Shire'),
(357, 'Tao Okamoto'),
(358, 'Tea Leoni'),
(359, 'Teri Garr'),
(360, 'Terrence Howard'),
(361, 'Terrence Stamp'),
(362, 'Thandie Newton'),
(363, 'Thomas Haden Church'),
(364, 'Tim Allen'),
(365, 'Tim Blake Nelson'),
(366, 'Tobey Maguire'),
(367, 'Tom Berenger'),
(368, 'Tom Cruise'),
(369, 'Tom Hanks'),
(370, 'Tom Hardy'),
(371, 'Tom Hiddleston'),
(372, 'Tom Sizemore'),
(373, 'Tom Skerritt'),
(374, 'Tommy Lee Jones'),
(375, 'Toni Collette'),
(376, 'Tony Goldwyn'),
(377, 'Treat Williams'),
(378, 'Val Kilmer'),
(379, 'Viggo Mortensen'),
(380, 'Vince Vaughn'),
(381, 'Vincent D’Onofrio'),
(382, 'Will Patton'),
(383, 'Will Smith'),
(384, 'Willem Dafoe'),
(385, 'William B Davis'),
(386, 'William H Macy'),
(387, 'William Hurt'),
(388, 'William Shatner'),
(389, 'William Sylvester'),
(390, 'Wood Harris'),
(391, 'Zachary Quinto'),
(392, 'Zoe Saldana');

-- --------------------------------------------------------

--
-- Table structure for table `Director`
--

CREATE TABLE `Director` (
  `DirectorID` int(11) NOT NULL,
  `DirectorName` varchar(255) NOT NULL
) ENGINE=InnoDB DEFAULT CHARSET=latin1;

--
-- Dumping data for table `Director`
--

INSERT INTO `Director` (`DirectorID`, `DirectorName`) VALUES
(1, 'Alan J Pakula'),
(2, 'Alan Taylor'),
(3, 'Alejandro Inarritu'),
(4, 'Alex Garland'),
(5, 'Alfonso Guaron'),
(6, 'Allen Coulter'),
(7, 'Andrew Stanton'),
(8, 'Ang Lee'),
(9, 'Antoine Faqua'),
(10, 'Barry Sonnenfeld'),
(11, 'Baz Luhrmann'),
(12, 'Boaz Yakin'),
(13, 'Bob Clark'),
(14, 'Brad Bird'),
(15, 'Brad Furman'),
(16, 'Brett Ratner'),
(17, 'Brian De Palma'),
(18, 'Bryan Singer'),
(19, 'Chris Buck'),
(20, 'Chris Carter'),
(21, 'Chris Colombus'),
(22, 'Christopher McQuarrie'),
(23, 'Christopher Nolan'),
(24, 'Clint Eastwood'),
(25, 'Coen Brothers'),
(26, 'Colin Trevorrow'),
(27, 'Danny Boyle'),
(28, 'David Carson'),
(29, 'David Fincher'),
(30, 'David Mamet'),
(31, 'David O. Russell'),
(32, 'David Yates'),
(33, 'Dean Parisot'),
(34, 'Don Taylor'),
(35, 'Doug Liman'),
(36, 'Edward Zwick'),
(37, 'Francis Ford Copola'),
(38, 'Frank Capra'),
(39, 'Franklin Schaffner'),
(40, 'Gary Trousdale'),
(41, 'Gavin Hood'),
(42, 'George Lucas'),
(43, 'Herbert Ross'),
(44, 'Irvin Kershner'),
(45, 'Ivan Reitman'),
(46, 'J. Lee Thompson'),
(47, 'James Cameron'),
(48, 'James Foley'),
(49, 'James Gartner'),
(50, 'James Gunn'),
(51, 'James Mangold'),
(52, 'Jennifer Lee'),
(53, 'JJ Abrams'),
(54, 'Joe Johnston'),
(55, 'Joe Russo & Anthony Russo'),
(56, 'Joel Schumacher'),
(57, 'John Crowley'),
(58, 'John G Avildsen'),
(59, 'John Hughes'),
(60, 'John Lasseter'),
(61, 'John McTiernan'),
(62, 'John Musker'),
(63, 'John Woo'),
(64, 'Jon Favreau'),
(65, 'Jonathan Frakes'),
(66, 'Joseph Mankiewicz'),
(67, 'Joss Whedon'),
(68, 'Kathryn Bigelow'),
(69, 'Kenneth Branagh'),
(70, 'Lee Unkrich'),
(71, 'Leonard Nimoy'),
(72, 'Louis Leterrier'),
(73, 'M. Night Shyamalan'),
(74, 'Marc Webb'),
(75, 'Martin Campbell'),
(76, 'Martin Scorsese'),
(77, 'Mary Harron'),
(78, 'Matt Reeves'),
(79, 'Matthew Vaughn'),
(80, 'Mike Newell'),
(81, 'Nicholas Meyer'),
(82, 'Oliver Stone'),
(83, 'Paul Greengrass'),
(84, 'Paul Thomas Anderson'),
(85, 'Paul Verhoeven'),
(86, 'Peter Chelsom'),
(87, 'Peter Jackson'),
(88, 'Peyton Reed'),
(89, 'Phil Alden Robinson'),
(90, 'Phillip Noyce'),
(91, 'Randal Kleiser'),
(92, 'Randal Miller'),
(93, 'Richard Donner'),
(94, 'Richard Lester'),
(95, 'Richard Marquand'),
(96, 'Ridley Scott'),
(97, 'Rob Bowman'),
(98, 'Rob Marshall'),
(99, 'Rob Reiner'),
(100, 'Robert Luketic'),
(101, 'Robert Wise'),
(102, 'Robert Zemeckis'),
(103, 'Roger Allers'),
(104, 'Roger Donaldson'),
(105, 'Roland Emmerich'),
(106, 'Ron Howard'),
(107, 'Rupert Wyatt'),
(108, 'Russell Mulcahy'),
(109, 'Sam Rami'),
(110, 'Shane Black'),
(111, 'Sidney Furie'),
(112, 'Simon Wincer'),
(113, 'Stanley Kubrick'),
(114, 'Steven Speilberg'),
(115, 'Stuart Baird'),
(116, 'Sydney Pollack'),
(117, 'Sylvester Stallone'),
(118, 'Ted Post'),
(119, 'Terry Gilliam'),
(120, 'The Wachowskis'),
(121, 'Tim Burton'),
(122, 'Tom Hooper'),
(123, 'Tom McCarthy'),
(124, 'Tony Gilroy'),
(125, 'William Shatner'),
(126, 'William Wyler'),
(127, 'Wolfgang Peterson'),
(128, 'Zack Snyder'),
(129, 'Mel Brooks'),
(130, 'Terrance Mallick');

-- --------------------------------------------------------

--
-- Table structure for table `Genre`
--

CREATE TABLE `Genre` (
  `GenreID` varchar(25) NOT NULL,
  `GenreName` varchar(255) NOT NULL
) ENGINE=InnoDB DEFAULT CHARSET=latin1;

--
-- Dumping data for table `Genre`
--

INSERT INTO `Genre` (`GenreID`, `GenreName`) VALUES
('AC', 'Action'),
('BI', 'Biopic'),
('CA', 'Coming-of-age'),
('CB', 'Comic Book'),
('CH', 'Children'),
('CN', 'Conspiracy'),
('CO', 'Comedy'),
('CR', 'Crime'),
('DR', 'Drama'),
('EP', 'Epic'),
('FA', 'Fantasy'),
('GA', 'Gangster'),
('HI', 'Historical'),
('HL', 'Holiday'),
('HR', 'Horror'),
('IN', 'Independent'),
('LD', 'Legal Drama'),
('MU', 'Musical'),
('PO', 'Political'),
('RO', 'Romance'),
('SF', 'Science Fiction'),
('SP', 'Sports'),
('TE', 'Twist-ending'),
('TH', 'Thriller'),
('WE', 'Western'),
('WR', 'War');

-- --------------------------------------------------------

--
-- Table structure for table `Movie`
--

CREATE TABLE `Movie` (
  `MovieID` int(11) NOT NULL,
  `MovieName` varchar(255) NOT NULL,
  `ReleaseDate` date NOT NULL,
  `Poster` varchar(255) DEFAULT NULL,
  `GenreID` varchar(25) NOT NULL,
  `DirectorID` int(11) NOT NULL
) ENGINE=InnoDB DEFAULT CHARSET=latin1;

--
-- Dumping data for table `Movie`
--

INSERT INTO `Movie` (`MovieID`, `MovieName`, `ReleaseDate`, `Poster`, `GenreID`, `DirectorID`) VALUES
(1, '2001: A Space Odyssey', '1968-05-12', 'img/2001.jpg', 'SF', 113),
(2, 'A Christmas Story', '1983-11-18', 'img/christmas.jpg', 'HL', 13),
(3, 'A Clockwork Orange', '1972-02-02', 'img/clockwork.jpg', 'SF', 113),
(4, 'A Few Good Men', '1992-12-11', 'img/fewgoodmen.jpg', 'LD', 99),
(5, 'Air Force One', '1997-07-25', 'img/airforceone.jpg', 'TH', 127),
(6, 'Alien', '1979-06-22', 'img/alien.jpg', 'SF', 96),
(7, 'Alien 3', '1992-05-22', 'img/alien3', 'SF', 29),
(8, 'Aliens', '1986-07-18', 'img/aliens.jpg', 'SF', 47),
(9, 'American Hustle', '2013-12-20', 'img/hustle.jpg', 'CR', 31),
(10, 'American Psycho', '2000-04-14', 'img/psycho.jpg', 'TE', 77),
(11, 'American Sniper', '2015-01-16', 'img/sniper.jpg', 'BI', 24),
(12, 'Ant-Man', '2015-07-17', 'img/antman.jpg', 'CB', 88),
(13, 'Any Given Sunday', '1999-12-22', 'img/sunday.jpg', 'SP', 82),
(14, 'Apocalypse Now', '1979-08-15', 'img/apocalypse.jpg', 'EP', 37),
(15, 'Apollo 13', '1995-06-30', 'img/apollo.jpg', 'HI', 106),
(16, 'Avatar', '2009-12-18', 'img/avatar.jpg', 'SF', 47),
(17, 'Back to the Future', '1985-07-03', 'img/bttf.jpg', 'SF', 102),
(18, 'Back to the Future Part II', '1989-11-22', 'img/bttf2.jpg', 'SF', 102),
(19, 'Back to the Future Part III', '1990-05-25', 'img/bttf3.jpg', 'SF', 102),
(20, 'Batman', '1989-06-23', 'img/batman.jpg', 'CB', 121),
(21, 'Batman & Robin', '1997-06-20', 'img/batmanrobin.jpg', 'CB', 56),
(22, 'Batman Begins', '2005-06-15', 'img/batmanbegins.jpg', 'CB', 23),
(23, 'Batman Forever', '1995-06-16', 'img/batmanforever.jpg', 'CB', 56),
(24, 'Batman Returns', '1992-06-19', 'img/batmanreturns.jpg', 'CB', 121),
(25, 'Batman v Superman: Dawn of Justice', '2016-03-25', 'img/batmansuperman.jpg', 'CB', 128),
(26, 'Battle for the Planet of the Apes', '1973-06-15', 'img/battle.jpg', 'SF', 46),
(27, 'Beauty and the Beast', '1991-11-22', 'img/beauty.jpg', 'CH', 40),
(28, 'Beetlejuice', '1988-03-30', 'img/beetlejuice.jpg', 'CO', 121),
(29, 'Ben-Hur', '1960-01-29', 'img/benhur.jpg', 'EP', 126),
(30, 'Beneath the Planet of the Apes', '1970-05-26', 'img/beneath.jpg', 'SF', 118),
(31, 'Birdman (or the Unexpected Virtue of Ignorance)', '2014-11-14', 'img/birdman.jpg', 'DR', 3),
(32, 'Black Hawk Down', '2002-01-18', 'img/blackhawk.jpg', 'WR', 96),
(33, 'Blade Runner', '1982-06-25', 'img/bladerunner.jpg', 'SF', 96),
(34, 'Bottle Shock', '2008-09-05', 'img/bottleshock.jpg', 'CO', 92),
(35, 'Bridge of Spies', '2015-10-16', 'img/bridgeofspies.jpg', 'LD', 114),
(36, 'Brooklyn', '2015-11-25', 'img/brooklyn.jpg', 'RO', 57),
(37, 'Bug’s Life', '1998-11-25', 'img/bugslife.jpg', 'CH', 60),
(38, 'Burn After Reading', '2008-09-12', 'img/burn.jpg', 'CO', 25),
(39, 'Captain America: Civil War', '2016-05-06', 'img/civilwar.jpg', 'CB', 55),
(40, 'Captain America: The First Avenger', '2011-07-22', 'img/captamerica.jpg', 'CB', 54),
(41, 'Captain America: Winter Soldier', '2014-04-04', 'img/wintersoldier.jpg', 'CB', 55),
(42, 'Cast Away', '2000-12-22', 'img/castaway.jpg', 'DR', 102),
(43, 'Chef', '2014-05-30', 'img/chef.jpg', 'CO', 64),
(44, 'Cinderella Man', '2005-06-03', 'img/cinderellaman.jpg', 'BI', 106),
(45, 'Clear and Present Danger', '1994-08-03', 'img/presentdangers.jpg', 'AC', 90),
(46, 'Cleopatra', '1963-07-31', 'img/cleopatra.jpg', 'EP', 66),
(47, 'Close Encounters of the Third Kind', '1977-12-14', 'img/closeencounters.jpg', 'SF', 114),
(48, 'Conquest of the Planet of the Apes', '1972-06-30', 'img/conquest.jpg', 'SF', 46),
(49, 'Dawn of the Planet of the Apes', '2014-07-11', 'img/dawn.jpg', 'SF', 78),
(50, 'Die Hard', '1998-07-20', 'img/diehard.jpg', 'AC', 61),
(51, 'E.T. The Extra-Terrestrial', '1982-06-11', 'img/et.jpg', 'SF', 114),
(52, 'Edge of Tomorrow', '2014-06-06', 'img/tomorrow.jpg', 'SF', 35),
(53, 'Escape from the Planet of the Apes', '1971-07-09', 'img/escape.jpg', 'SF', 34),
(54, 'Ex Machina', '2015-04-24', 'img/machina.jpg', 'SF', 4),
(55, 'Fargo', '1996-04-05', 'img/fargo.jpg', 'TH', 25),
(56, 'Ferris Bueller’s Day Off', '1986-06-11', 'img/ferris.jpg', 'CO', 59),
(57, 'Fight Club', '1999-10-15', 'img/fightclub.jpg', 'TE', 29),
(58, 'Finding Dory', '2006-06-17', 'img/dory.jpg', 'CH', 7),
(59, 'Finding Nemo', '2003-05-30', 'img/nemo.jpg', 'CH', 7),
(60, 'Flight', '2012-11-02', 'img/flight.jpg', 'DR', 102),
(61, 'Footloose', '1984-02-17', 'img/footloose.jpg', 'CA', 43),
(62, 'Forrest Gump', '1994-07-06', 'img/gump.jpg', 'EP', 102),
(63, 'Frozen', '2013-11-27', 'img/frozen.jpg', 'CH', 52),
(64, 'Full Metal Jacket', '1987-07-10', 'img/fmj.jpg', 'WR', 113),
(65, 'Galaxy Quest', '1999-12-25', 'img/galaxy.jpg', 'CO', 33),
(66, 'Ghostbusters', '1984-06-08', 'img/ghostbusters.jpg', 'CO', 45),
(67, 'Gladiator', '2000-05-05', 'img/gladiator.jpg', 'EP', 96),
(68, 'Glengarry Glen Ross', '1992-10-02', 'img/glengarry.jpg', 'IN', 48),
(69, 'Glory', '1990-02-16', 'img/glory.jpg', 'WR', 36),
(70, 'Glory Road', '2006-01-13', 'img/gloryroad.jpg', 'SP', 49),
(71, 'Gone Girl', '2014-10-03', 'img/gonegirl.jpg', 'TH', 29),
(72, 'Grease', '1978-06-16', 'img/grease.jpg', 'MU', 91),
(73, 'Green Lantern', '2011-06-17', 'img/greenlantern.jpg', 'CB', 75),
(74, 'Guardians of the Galaxy', '2014-08-01', 'img/guardian.jpg', 'CB', 50),
(75, 'Harry Potter and the Chamber of Secrets', '2002-11-15', 'img/chamber.jpg', 'FA', 21),
(76, 'Harry Potter and the Deathly Hallows Part 1', '2010-11-19', 'img/hallows1.jpg', 'FA', 32),
(77, 'Harry Potter and the Deathly Hallows Part 2', '2011-07-15', 'img/hallows2.jpg', 'FA', 32),
(78, 'Harry Potter and the Goblet of Fire', '2005-11-18', 'img/goblet.jpg', 'FA', 80),
(79, 'Harry Potter and the Half-Blood Prince', '2009-07-15', 'img/halfblood.jpg', 'FA', 32),
(80, 'Harry Potter and the Order of the Phoenix', '2007-07-11', 'img/phoenix.jpg', 'FA', 32),
(81, 'Harry Potter and the Prisoner of Azkaban', '2004-06-04', 'img/azkaban.jpg', 'FA', 5),
(82, 'Harry Potter and the Sorcerer’s Stone', '2001-11-16', 'img/stone.jpg', 'FA', 21),
(83, 'Hector and the Search for Happiness', '2014-08-14', 'img/hector.jpg', 'CO', 86),
(84, 'Hollywoodland', '2006-09-08', 'img/hollywoodland.jpg', 'CN', 6),
(85, 'Hulk', '2003-06-20', 'img/hulk.jpg', 'CB', 8),
(86, 'Inception', '2010-07-16', 'img/inception.jpg', 'SF', 23),
(87, 'Independence Day', '1996-07-03', 'img/id4.jpg', 'SF', 105),
(88, 'Indiana Jones and the Kingdom of the Crystal Skull', '2008-05-22', 'img/indy4.jpg', 'AC', 114),
(89, 'Indiana Jones and the Last Crusade', '1989-05-24', 'img/indy3.jpg', 'AC', 114),
(90, 'Indiana Jones and the Temple of Doom', '1984-05-23', 'img/indy2.jpg', 'AC', 114),
(91, 'Interstellar', '2014-11-07', 'img/interstellar.jpg', 'SF', 23),
(92, 'Into the Woods', '2014-12-25', 'img/intothewoods.jpg', 'MU', 98),
(93, 'Iron Man', '2008-05-02', 'img/ironman.jpg', 'CB', 64),
(94, 'Iron Man 2', '2010-05-07', 'img/ironman2.jpg', 'CB', 64),
(95, 'Iron Man 3', '2013-05-03', 'img/ironman3.jpg', 'CB', 110),
(96, 'It’s a Wonderful Life', '1947-01-07', 'img/wonderful.jpg', 'HL', 38),
(97, 'Jack Ryan Shadow Recruit', '2014-01-17', 'img/jackryan.jpg', 'AC', 69),
(98, 'Jaws', '1975-06-20', 'img/jaws.jpg', 'HR', 114),
(99, 'JFK', '1991-12-20', 'img/jfk.jpg', 'CN', 82),
(100, 'Joy', '2015-12-25', 'img/joy.jpg', 'BI', 31),
(101, 'Jurassic Park', '1993-06-11', 'img/jpark.jpg', 'SF', 114),
(102, 'Jurassic Park III', '2001-07-18', 'img/jpark3.jpg', 'SF', 54),
(103, 'Jurassic World', '2015-06-15', 'img/jworld.jpg', 'SF', 26),
(104, 'Legally Blonde', '2001-07-31', 'img/legallyblonde.jpg', 'CO', 100),
(105, 'Les Miserables', '2012-12-25', 'img/lesmis.jpg', 'MU', 122),
(106, 'Lincoln', '2012-11-16', 'img/linocln.jpg', 'BI', 114),
(107, 'Lord of the Rings The Fellowship of the Ring', '2001-12-19', 'img/fellowship.jpg', 'FA', 87),
(108, 'Lord of the Rings The Return of the King', '2003-12-17', 'img/returnoftheking.jpg', 'FA', 87),
(109, 'Lord of the Rings The Two Towers', '2002-12-18', 'img/twotowers.jpg', 'FA', 87),
(110, 'Man of Steel', '2013-06-14', 'img/manofsteel.jpg', 'CB', 128),
(111, 'Memento', '2001-05-25', 'img/memento.jpg', 'TH', 23),
(112, 'Men in Black', '1997-07-02', 'img/mib.jpg', 'SF', 10),
(113, 'Men in Black II', '2002-07-03', 'img/mib2.jpg', 'SF', 10),
(114, 'Men in Black III', '2012-05-25', 'img/mib3.jpg', 'SF', 10),
(115, 'Mission Impossible', '1996-05-22', 'img/mi.jpg', 'AC', 17),
(116, 'Mission Impossible Ghost Protocol', '2011-12-21', 'img/mi4.jpg', 'AC', 14),
(117, 'Mission Impossible II', '2000-05-24', 'img/mi2.jpg', 'AC', 63),
(118, 'Mission Impossible III', '2006-05-05', 'img/mi3.jpg', 'AC', 53),
(119, 'Mission Impossible Rouge Nation', '2015-07-31', 'img/mi5.jpg', 'AC', 22),
(120, 'Monty Python and the Holy Grail', '1975-05-25', 'img/montypython.jpg', 'CO', 119),
(121, 'Moulin Rouge', '2001-06-01', 'img/moulin.jpg', 'MU', 11),
(122, 'No Country for Old Men', '2007-11-21', 'img/nocountry.jpg', 'WE', 25),
(123, 'O Brother Where Art Thou?', '2001-02-02', 'img/brother.jpg', 'CO', 25),
(124, 'Patriot Games', '1992-06-05', 'img/patriotgames.jpg', 'AC', 90),
(125, 'Planet of the Apes', '1968-04-03', 'img/planet.jpg', 'SF', 39),
(126, 'Platoon', '1987-02-06', 'img/platoon.jpg', 'WR', 82),
(127, 'Raiders of the Lost Ark', '1981-06-12', 'img/indy.jpg', 'AC', 114),
(128, 'Remember the Titans', '2000-09-29', 'img/remember.jpg', 'SP', 12),
(129, 'Rent', '2005-11-23', 'img/rent.jpg', 'MU', 21),
(130, 'Rise of the Planet of the Apes', '2011-08-05', 'img/rotpota.jpg', 'SF', 107),
(131, 'Robin Hood Men in Tights', '1993-07-28', 'img/menintights.jpg', 'CO', 129),
(132, 'Robocop', '1987-07-17', 'img/robocop.jpg', 'AC', 85),
(133, 'Rocky', '1976-12-03', 'img/rocky.jpg', 'SP', 58),
(134, 'Rocky Balboa', '2006-12-20', 'img/rocky6.jpg', 'SP', 117),
(135, 'Rocky II', '1979-06-15', 'img/rocky2.jpg', 'SP', 117),
(136, 'Rocky III', '1982-05-28', 'img/rocky3.jpg', 'SP', 117),
(137, 'Rocky IV', '1985-11-27', 'img/rocky4.jpg', 'SP', 117),
(138, 'Rocky V', '1990-11-16', 'img/rocky5.jpg', 'SP', 58),
(139, 'Saving Private Ryan', '1998-07-24', 'img/privateryan.jpg', 'WR', 114),
(140, 'Se7en', '1995-09-22', 'img/seven.jpg', 'TE', 29),
(141, 'Silver Linings Playbook', '2012-12-25', 'img/silver.jpg', 'RO', 31),
(142, 'Spider-Man', '2002-05-03', 'img/spierman.jpg', 'CB', 109),
(143, 'Spider-Man 2', '2004-06-30', 'img/spiderman2.jpg', 'CB', 109),
(144, 'Spider-Man 3', '2007-05-04', 'img/spiderman3.jpg', 'CB', 109),
(145, 'Spotlight', '2015-11-20', 'img/spotlight.jpg', 'TH', 123),
(146, 'Star Trek', '2009-05-08', 'img/trek.jpg', 'SF', 53),
(147, 'Star Trek First Contact', '1996-11-22', 'img/firstcontact.jpg', 'SF', 65),
(148, 'Star Trek Generations', '1994-11-18', 'img/generations.jpg', 'SF', 28),
(149, 'Star Trek II The Wrath of Khan', '1982-06-04', 'img/startrek2.jpg', 'SF', 81),
(150, 'Star Trek III The Search for Spock', '1984-06-01', 'img/startrek3.jpg', 'SF', 71),
(151, 'Star Trek Insurrection', '1998-12-11', 'img/insurrection.jpg', 'SF', 65),
(152, 'Star Trek Into Darkness', '2013-05-16', 'img/darkness.jpg', 'SF', 53),
(153, 'Star Trek IV The Voyage Home', '1986-11-26', 'img/startrek4.jpg', 'SF', 71),
(154, 'Star Trek Nemesis', '2002-12-13', 'img/nemesis.jpg', 'SF', 115),
(155, 'Star Trek The Motion Picture', '1979-12-08', 'img/startrek1.jpg', 'SF', 101),
(156, 'Star Trek V The Final Frontier', '1989-06-09', 'img/startrek5.jpg', 'SF', 125),
(157, 'Star Trek VI The Undiscovered Country', '1991-12-06', 'img/startrek6.jpg', 'SF', 81),
(158, 'Star Wars Episode I: The Phantom Menace', '1999-05-19', 'img/phantommenace.jpg', 'SF', 42),
(159, 'Star Wars Episode II: Attack of the Clones', '2002-05-16', 'img/clones.jpg', 'SF', 42),
(160, 'Star Wars Episode III: Revenge of the Sith', '2005-05-19', 'img/sith.jpg', 'SF', 42),
(161, 'Star Wars Episode IV: A New Hope', '1977-05-25', 'img/star wars.jpg', 'SF', 42),
(162, 'Star Wars Episode V: The Empire Strike Back', '1980-06-20', 'img/empire.jpg', 'SF', 44),
(163, 'Star Wars Episode VI: Return of the Jedi', '1983-05-25', 'img/rotj.jpg', 'SF', 95),
(164, 'Star Wars Episode VII: The Force Awakens', '2015-12-18', 'img/awakens.jpg', 'SF', 53),
(165, 'State and Main', '2001-01-12', 'img/state.jpg', 'CO', 30),
(166, 'Steve Jobs', '2015-10-23', 'img/jobs.jpg', 'BI', 27),
(167, 'Superman II', '1981-06-19', 'img/superman2.jpg', 'CB', 94),
(168, 'Superman III', '1983-06-17', 'img/superman3.jpg', 'CB', 94),
(169, 'Superman IV: The Quest for Peace', '1987-07-24', 'img/superman4.jpg', 'CB', 111),
(170, 'Superman Returns', '2006-06-28', 'img/supermanreturns.jpg', 'CB', 18),
(171, 'Superman The Movie', '1978-12-15', 'img/superman.jpg', 'CB', 93),
(172, 'Tarzan', '1999-06-18', 'img/tarzan.jpg', 'CH', 19),
(173, 'Terminator', '1984-10-26', 'img/terminator.jpg', 'SF', 47),
(174, 'Terminator 2 Judgement Day', '1991-07-03', 'img/terminator2.jpg', 'SF', 47),
(175, 'The Amazing Spider-Man', '2012-07-03', 'img/tas.jpg', 'CB', 74),
(176, 'The Amazing Spider-Man 2', '2014-05-02', 'img/tas2.jpg', 'CB', 74),
(177, 'The American President', '1995-11-17', 'img/americanpresident.jpg', 'PO', 99),
(178, 'The Avengers', '2012-05-04', 'img/avengers.jpg', 'CB', 67),
(179, 'The Avengers: Age of Ultron', '2015-05-01', 'img/avengers2.jpg', 'CB', 67),
(180, 'The Aviator', '2004-12-25', 'img/aviator.jpg', 'BI', 76),
(181, 'The Big Lebowski', '1998-03-06', 'img/lebowski.jpg', 'IN', 25),
(182, 'The Bourne Identity', '2002-06-14', 'img/identity.jpg', 'CN', 35),
(183, 'The Bourne Legacy', '2012-08-10', 'img/legacy.jpg', 'CN', 124),
(184, 'The Bourne Supremacy', '2004-07-23', 'img/supremacy.jpg', 'CN', 83),
(185, 'The Bourne Ultimatum', '2007-08-03', 'img/ultimatum.jpg', 'CN', 83),
(186, 'The Dark Knight', '2008-07-18', 'img/darkknight.jpg', 'CB', 23),
(187, 'The Dark Knight Rises', '2012-07-20', 'img/tdkr.jpg', 'CB', 23),
(188, 'The Departed', '2006-10-06', 'img/departed.jpg', 'CR', 76),
(189, 'The Fighter', '2010-12-17', 'img/fighter.jpg', 'SP', 31),
(190, 'The Firm', '1993-06-30', 'img/firm.jpg', 'TH', 116),
(191, 'The Godfather', '1972-03-24', 'img/godfather.jpg', 'GA', 37),
(192, 'The Godfather Part II', '1974-12-20', 'img/godfather2.jpg', 'GA', 37),
(193, 'The Godfather Part III', '1990-12-25', 'img/godfather3.jpg', 'GA', 37),
(194, 'The Hunt for Red October', '1990-03-02', 'img/october.jpg', 'AC', 61),
(195, 'The Incredible Hulk', '2008-06-13', 'img/incrediblehulk.jpg', 'CB', 72),
(196, 'The Incredibles', '2004-11-05', 'img/incredibles.jpg', 'CH', 14),
(197, 'The King’s Speech', '2010-12-25', 'img/kingspeech.jpg', 'BI', 122),
(198, 'The Lincoln Lawyer', '2011-03-18', 'img/lincolnlawyer.jpg', 'LD', 15),
(199, 'The Lion King', '1994-06-24', 'img/lionking.jpg', 'CH', 103),
(200, 'The Little Mermaid', '1989-11-15', 'img/mermaid.jpg', 'CH', 62),
(201, 'The Lost World Jurassic Park', '1997-05-23', 'img/jpark2.jpg', 'SF', 114),
(202, 'The Matrix', '1999-03-31', 'img/matrix.jpg', 'SF', 120),
(203, 'The Matrix Reloaded', '2003-05-15', 'img/matrix2.jpg', 'SF', 120),
(204, 'The Matrix Revolutions', '2003-11-05', 'img/matrix3.jpg', 'SF', 120),
(205, 'The Outsiders', '1993-03-25', 'img/outsiders.jpg', 'CA', 37),
(206, 'The Pelican Brief', '1993-12-17', 'img/pelican.jpg', 'TH', 1),
(207, 'The Phantom', '1996-06-07', 'img/phantom.jpg', 'CB', 112),
(208, 'The Phantom of the Opera', '2004-12-22', 'img/phantomoftheopera.jpg', 'MU', 56),
(209, 'The Presitge', '2006-10-20', 'img/prestige.jpg', 'TH', 23),
(210, 'The Princess Bride', '1987-10-09', 'img/princessbride.jpg', 'CO', 99),
(211, 'The Revenant', '2016-01-08', 'img/revenant.jpg', 'DR', 3),
(212, 'The Shadow', '1994-07-01', 'img/shadow.jpg', 'CB', 108),
(213, 'The Shining', '1980-06-13', 'img/shining.jpg', 'CB', 113),
(214, 'The Sixth Sense', '1999-08-06', 'img/sixthsense.jpg', 'TE', 73),
(215, 'The Social Network', '2010-10-01', 'img/network.jpg', 'BI', 29),
(216, 'The Sum of All Fears', '2002-05-31', 'img/sumofallfears.jpg', 'AC', 89),
(217, 'The Thin Red Line', '1999-01-15', 'img/redline.jpg', 'WR', 130),
(218, 'The Wolverine', '2014-07-26', 'img/wolverine.jpg', 'CB', 51),
(219, 'The X-Files ', '1998-06-19', 'img/xfiles.jpg', 'CN', 97),
(220, 'The X-Files I Want to Believe', '2008-07-25', 'img/xfiles2.jpg', 'CN', 20),
(221, 'There Will Be Blood', '2008-01-25', 'img/blood.jpg', 'EP', 84),
(222, 'Thirteen Days', '2001-01-12', 'img/13days.jpg', 'HI', 104),
(223, 'Thor', '2011-05-06', 'img/thor.jpg', 'CB', 69),
(224, 'Thor: The Dark World', '2013-11-08', 'img/thor2.jpg', 'CB', 2),
(225, 'Titanic', '1997-12-19', 'img/titanic.jpg', 'RO', 47),
(226, 'Toy Story', '1995-11-22', 'img/toystory.jpg', 'CH', 60),
(227, 'Toy Story 2', '1999-11-24', 'img/toystory2.jpg', 'CH', 60),
(228, 'Toy Story 3', '2010-06-18', 'img/toystory3.jpg', 'CH', 70),
(229, 'Training Day', '2001-10-05', 'img/training.jpg', 'AC', 9),
(230, 'Wall-E', '2008-06-27', 'img/walle.jpg', 'CH', 7),
(231, 'War Horse', '2011-12-25', 'img/warhorse.jpg', 'WR', 114),
(232, 'War of the Worlds', '2005-06-29', 'img/waroftheworlds.jpg', 'SF', 114),
(233, 'When Harry Met Sally', '1989-07-21', 'img/sally.jpg', 'RO', 99),
(234, 'X-Men', '2000-07-14', 'img/xmen.jpg', 'CB', 18),
(235, 'X-Men Apocalypse', '2016-05-27', 'img/xmena.jpg', 'CB', 18),
(236, 'X-Men Days of Future Past', '2014-05-23', 'img/xmendofp.jpg', 'CB', 18),
(237, 'X-Men First Class', '2011-06-03', 'img/firstclass.jpg', 'CB', 79),
(238, 'X-Men Origins: Wolverine', '2009-05-01', 'img/origins.jpg', 'CB', 41),
(239, 'X-Men: The Last Stand', '2006-05-26', 'img/xmen3.jpg', 'CB', 16),
(240, 'X2: X-Men United', '2003-05-02', 'img/xmen2.jpg', 'CB', 18),
(241, 'Zero Dark Thirty', '2013-01-11', 'img/zero.jpg', 'WR', 68);

-- --------------------------------------------------------

--
-- Table structure for table `Rating`
--

CREATE TABLE `Rating` (
  `RatingID` int(11) NOT NULL,
  `Rating` int(11) NOT NULL,
  `Comment` varchar(255) DEFAULT NULL,
  `UserID` int(11) NOT NULL,
  `MovieID` int(11) NOT NULL
) ENGINE=InnoDB DEFAULT CHARSET=latin1;

--
-- Dumping data for table `Rating`
--

INSERT INTO `Rating` (`RatingID`, `Rating`, `Comment`, `UserID`, `MovieID`) VALUES
(1, 3, '', 1, 3),
(2, 3, '', 2, 13),
(3, 1, '', 3, 43),
(4, 5, 'The Best thing EVER!!', 4, 161),
(5, 3, 'They left our soooo much', 5, 81),
(6, 4, '', 6, 205),
(7, 4, '', 7, 56),
(8, 5, '', 8, 58),
(9, 3, 'Good but not enough black', 9, 104),
(10, 3, '', 10, 90),
(11, 5, 'All time favorite movie', 12, 17),
(12, 3, '', 11, 64),
(13, 4, '', 13, 101),
(14, 1, 'Cheesy as anything', 14, 212),
(15, 4, '', 15, 6),
(16, 4, 'I wish presidency was like this', 16, 177),
(17, 5, 'Makes me cry every time', 17, 96),
(18, 4, '', 18, 209),
(19, 2, '', 19, 207),
(20, 4, 'Long but great', 20, 108),
(21, 4, 'I wish Fargo was this interesting', 21, 55),
(22, 3, 'So intense', 1, 206),
(23, 3, 'Not as good as the first one', 2, 224),
(24, 4, 'Good stuff', 3, 31),
(25, 5, 'Fantastic movie', 4, 211),
(26, 3, '', 5, 54),
(27, 4, '', 6, 81),
(28, 3, '', 7, 84),
(30, 4, 'Adorable', 9, 59),
(31, 5, '', 10, 230),
(32, 2, 'Could have been a lot better', 12, 85),
(33, 4, '', 11, 229),
(34, 4, '', 13, 112),
(35, 3, '', 14, 113),
(36, 4, 'Epic stuff', 15, 114),
(37, 5, 'Fantastic movie, one of my new favoirtes', 16, 121),
(38, 4, 'Inspiring', 17, 128),
(39, 4, '', 18, 2),
(40, 3, '', 19, 116),
(41, 3, '', 20, 196),
(42, 2, 'The book was a lot better', 21, 198),
(43, 1, 'Snore fest', 1, 239),
(44, 3, 'Pretty good thriller', 2, 115),
(45, 2, 'Unnecessary sequel', 3, 170),
(46, 4, '', 4, 234),
(47, 1, 'Boring', 5, 235),
(48, 4, '', 6, 236),
(49, 4, 'Best one of the series', 7, 240),
(50, 4, 'Great Movie! The music is still stuck in my head', 8, 172),
(51, 3, 'Just makes me want Mulder and Scully back', 9, 220),
(52, 3, '', 10, 75),
(53, 3, '', 12, 82),
(54, 3, 'Really like the music', 11, 129),
(55, 4, 'Best one of the series', 13, 119),
(56, 5, '', 14, 22),
(57, 5, '', 15, 86),
(58, 5, 'Made my head hurt but really good', 16, 91),
(59, 4, 'Still trying to figure it all out, good stuff', 17, 111),
(60, 4, 'The best comic book film ever made', 18, 186),
(61, 3, 'Not as good as the first one', 19, 187),
(62, 5, 'So many twists! Excellent movie', 20, 209),
(63, 4, 'Very intense', 21, 11),
(64, 4, '', 1, 38),
(65, 3, '', 2, 55),
(66, 5, '', 3, 122),
(67, 3, '', 4, 123),
(68, 3, '', 5, 181),
(69, 2, '', 6, 103),
(70, 4, '', 7, 166),
(71, 2, '', 8, 148),
(72, 2, '', 9, 7),
(73, 4, 'The ending blew me away', 10, 57),
(74, 4, 'A great movie about messed up people', 12, 71),
(75, 4, '', 11, 140),
(76, 3, '', 13, 215),
(77, 5, 'Absolutely hilarious', 14, 165),
(78, 4, '', 15, 9),
(79, 3, '', 16, 100),
(80, 4, '', 17, 141),
(81, 2, '', 18, 189),
(82, 4, 'All set up and no pay-off but still pretty good', 19, 76),
(83, 4, '', 20, 77),
(84, 3, '', 21, 79),
(85, 3, '', 1, 80),
(86, 5, 'Hilarious movie especially for a Trek fan', 2, 65),
(87, 3, '', 3, 53),
(88, 4, '', 4, 52),
(89, 3, '', 5, 182),
(90, 3, '', 6, 69),
(91, 4, '', 7, 14),
(92, 4, '', 8, 191),
(93, 4, '', 9, 192),
(94, 2, '', 10, 193),
(95, 3, '', 12, 205),
(96, 5, 'Such a classic', 11, 96),
(97, 4, '', 13, 125),
(98, 5, '', 14, 27),
(99, 2, '', 15, 238),
(100, 2, 'Not a great movie but I thought the politics were interesting', 16, 158),
(101, 3, 'Very long but always nice to see Star Wars', 17, 159),
(102, 4, 'Definitely the best one of the prequels', 18, 160),
(103, 5, 'What a classic! Never get tired of watching it', 19, 161),
(104, 4, '', 20, 61),
(105, 5, 'Probably my absolute favorite movie', 21, 162),
(106, 4, 'A Halloween must waitch', 1, 66),
(107, 3, 'The weakest one of the series', 2, 26),
(108, 3, '', 3, 48),
(109, 3, 'So scary!!', 4, 8),
(110, 3, '', 5, 16),
(111, 4, '', 6, 173),
(112, 5, '', 7, 174),
(113, 5, 'Great movie, made me cry so much but totally worth it', 8, 225),
(114, 4, 'The dialogue was hilarious!', 9, 68),
(115, 2, '', 10, 70),
(116, 5, 'Probably the best Marvel movie yet', 12, 74),
(117, 4, '', 11, 218),
(118, 4, 'The music is so catchy', 13, 63),
(119, 3, '', 14, 118),
(120, 4, '', 15, 146),
(121, 4, '', 16, 152),
(122, 5, 'Excellent movie, very excited for new Star Wars', 17, 164),
(123, 4, '', 18, 40),
(124, 2, '', 19, 102),
(125, 3, 'Fairly disappointed with the ending of this one', 20, 39),
(126, 4, '', 21, 41),
(127, 1, 'So cheesy but really fun to make fun of', 1, 21),
(128, 3, '', 2, 23),
(129, 2, '', 3, 208),
(130, 5, '', 4, 36),
(131, 3, '', 5, 133),
(132, 4, 'A solid but underrated movie', 6, 138),
(134, 3, '', 8, 37),
(135, 4, '', 9, 226),
(136, 4, '', 10, 227),
(137, 5, '', 12, 50),
(138, 4, '', 11, 194),
(139, 5, '', 13, 200),
(140, 2, '', 14, 117),
(141, 4, 'A nice, simple, and solid movie', 15, 43),
(142, 4, '', 16, 93),
(143, 3, '', 17, 94),
(144, 3, '', 18, 147),
(145, 2, '', 19, 151),
(146, 4, '', 20, 46),
(147, 4, '', 21, 178),
(148, 3, '', 1, 179),
(149, 4, '', 2, 241),
(150, 4, '', 3, 97),
(151, 4, '', 4, 223),
(152, 5, '', 5, 228),
(153, 4, '', 6, 150),
(154, 4, '', 7, 153),
(155, 4, '', 8, 195),
(156, 5, 'WHAT. A. TWIST!', 9, 214),
(157, 2, '', 10, 175),
(158, 2, '', 12, 176),
(159, 2, 'Kind of stupid but I was entertained', 11, 73),
(160, 3, '', 13, 180),
(161, 4, '', 14, 188),
(162, 4, '', 15, 10),
(163, 4, 'Pleasantly surprised', 16, 49),
(164, 4, '', 17, 237),
(165, 3, 'So funny, I was laughing to the point of tears', 18, 131),
(166, 4, '', 19, 78),
(167, 5, 'The best Trek movie of all time', 20, 149),
(168, 5, 'Best Trek movie of all time, behind Wrath of Khan', 21, 157),
(169, 2, '', 1, 13),
(170, 5, 'Fantastic movie, even though it’s really long I was so enthralled', 2, 99),
(171, 4, '', 3, 126),
(172, 3, '', 4, 184),
(173, 3, '', 5, 185),
(174, 3, '', 6, 221),
(175, 4, '', 7, 132),
(176, 4, '', 8, 83),
(177, 4, '', 9, 107),
(178, 4, 'Great movie but it doesn’t end', 10, 108),
(179, 4, '', 12, 109),
(180, 3, '', 11, 12),
(181, 3, '', 13, 216),
(182, 3, '', 14, 45),
(183, 4, '', 15, 124),
(184, 5, '', 16, 72),
(185, 2, '', 17, 34),
(186, 3, '', 18, 171),
(187, 4, '', 19, 167),
(188, 2, '', 20, 168),
(189, 5, 'A great conclusion to a great franchise', 21, 163),
(190, 4, '', 1, 6),
(191, 4, 'Super intense, non-stop action.  Wonderful movie', 2, 32),
(192, 4, 'Classic sci-fi film everyone should see', 3, 33),
(193, 4, '', 4, 67),
(194, 5, 'Fantastic!! Love Mulder and Scully', 5, 219),
(195, 4, 'Really catchy tunes', 6, 92),
(196, 5, '', 7, 4),
(197, 5, '', 8, 177),
(198, 5, 'So many quotable lines', 9, 210),
(199, 4, '', 10, 233),
(200, 4, '', 12, 104),
(201, 2, 'This movie tries to be something it''s not', 11, 155),
(202, 4, '', 13, 17),
(203, 4, '', 14, 18),
(204, 3, '', 15, 19),
(205, 4, '', 16, 42),
(206, 4, '', 17, 60),
(207, 5, 'A modern classic', 18, 62),
(208, 5, 'The most iconic music', 19, 199),
(209, 4, 'Great movie about a very important time in our history', 20, 222),
(210, 3, '', 21, 87),
(211, 4, 'Wonderful film with fantastic actors', 1, 15),
(212, 5, '', 2, 44),
(213, 4, '', 3, 130),
(214, 3, '', 4, 212),
(215, 2, '', 5, 142),
(216, 3, '', 6, 143),
(217, 1, '', 7, 144),
(218, 2, '', 8, 95),
(219, 1, 'So bad it''s not even funny', 9, 169),
(220, 2, '', 10, 207),
(221, 5, '', 12, 1),
(222, 4, '', 11, 3),
(223, 4, '', 13, 64),
(224, 4, '', 14, 213),
(225, 3, '', 15, 35),
(226, 3, '', 16, 47),
(227, 4, '', 17, 51),
(228, 2, '', 18, 88),
(229, 5, '', 19, 89),
(230, 3, '', 20, 90),
(231, 5, 'Such a well executed movie, I''m still afraid to go back in the water', 21, 98),
(232, 4, 'The dinosaurs look amazing', 1, 101),
(233, 4, '', 2, 106),
(234, 5, '', 3, 127),
(235, 4, '', 4, 139),
(236, 2, '', 5, 201),
(237, 4, '', 6, 231),
(238, 4, '', 7, 232),
(239, 3, '', 8, 154),
(240, 4, '', 9, 190),
(241, 4, '', 10, 134),
(242, 4, '', 12, 135),
(243, 4, '', 11, 136),
(244, 3, '', 13, 137),
(245, 3, '', 14, 30),
(246, 4, '', 15, 120),
(247, 4, '', 16, 202),
(248, 3, '', 17, 203),
(249, 2, '', 18, 204),
(250, 4, '', 19, 20),
(251, 3, '', 20, 24),
(252, 4, '', 21, 28),
(253, 4, '', 1, 105),
(254, 3, '', 2, 197),
(255, 4, '', 3, 145),
(256, 2, '', 4, 183),
(257, 2, '', 5, 156),
(258, 4, '', 6, 29),
(259, 4, '', 7, 5),
(260, 3, '', 8, 25),
(261, 3, '', 9, 110),
(262, 4, '', 10, 217);

-- --------------------------------------------------------

--
-- Table structure for table `RentalHistory`
--

CREATE TABLE `RentalHistory` (
  `UserID` int(11) NOT NULL,
  `MovieID` int(11) NOT NULL,
  `DateRented` date NOT NULL,
  `DateReturned` date DEFAULT NULL
) ENGINE=InnoDB DEFAULT CHARSET=latin1;

--
-- Dumping data for table `RentalHistory`
--

INSERT INTO `RentalHistory` (`UserID`, `MovieID`, `DateRented`, `DateReturned`) VALUES
(15, 6, '2014-12-01', '2014-12-08'),
(15, 114, '2014-12-12', '2014-12-21'),
(15, 86, '2014-12-22', '2015-01-04'),
(1, 3, '2015-01-04', '2015-01-30'),
(15, 9, '2015-01-11', '2015-01-14'),
(15, 239, '2015-01-22', '2015-01-31'),
(15, 146, '2015-02-02', '2015-02-09'),
(1, 206, '2015-02-07', '2015-02-28'),
(15, 43, '2015-02-14', '2015-02-21'),
(15, 10, '2015-02-28', '2015-03-04'),
(1, 235, '2015-03-15', '2015-04-22'),
(15, 124, '2015-03-16', '2015-03-29'),
(15, 19, '2015-04-02', '2015-04-10'),
(15, 35, '2015-04-15', '2015-04-30'),
(15, 120, '2015-05-01', '2015-05-22'),
(1, 38, '2015-05-05', '2015-05-15'),
(11, 64, '2015-06-30', '2015-07-07'),
(11, 229, '2015-07-08', '2015-07-19'),
(11, 129, '2015-07-21', '2015-08-01'),
(1, 80, '2015-08-01', '2015-08-16'),
(11, 140, '2015-08-03', '2015-08-15'),
(11, 96, '2015-08-18', '2015-08-27'),
(11, 218, '2015-09-03', '2015-09-16'),
(11, 194, '2015-09-19', '2015-09-29'),
(5, 81, '2015-09-23', '2015-10-02'),
(11, 73, '2015-10-02', '2015-10-12'),
(20, 108, '2015-10-10', '2015-10-21'),
(11, 12, '2015-10-15', '2015-10-31'),
(5, 54, '2015-10-15', '2015-11-12'),
(1, 66, '2015-10-15', '2015-10-30'),
(20, 196, '2015-10-30', '2015-11-07'),
(11, 155, '2015-11-01', '2015-11-11'),
(20, 209, '2015-11-11', '2015-11-21'),
(11, 3, '2015-11-12', '2015-11-22'),
(5, 236, '2015-11-17', '2015-11-30'),
(20, 77, '2015-11-24', '2015-11-28'),
(11, 136, '2015-11-25', '2015-12-12'),
(20, 61, '2015-11-30', '2015-12-01'),
(5, 181, '2015-12-01', '2015-12-21'),
(14, 212, '2015-12-01', '2015-12-12'),
(20, 46, '2015-12-09', '2015-12-21'),
(1, 21, '2015-12-12', '2015-12-29'),
(16, 177, '2015-12-12', '2016-01-10'),
(14, 113, '2015-12-16', '2016-01-11'),
(17, 96, '2015-12-20', '2015-12-25'),
(20, 149, '2015-12-24', '2015-12-30'),
(18, 209, '2015-12-27', '2016-01-03'),
(5, 182, '2015-12-28', '2016-01-13'),
(3, 43, '2015-12-29', '2016-01-14'),
(6, 205, '2016-01-01', '2016-01-07'),
(20, 168, '2016-01-02', '2016-01-27'),
(7, 56, '2016-01-03', '2016-01-17'),
(18, 2, '2016-01-05', '2016-01-12'),
(8, 172, '2016-01-05', '2016-01-14'),
(1, 179, '2016-01-05', '2016-01-22'),
(6, 81, '2016-01-10', '2016-01-18'),
(14, 22, '2016-01-13', '2016-01-20'),
(5, 16, '2016-01-15', '2016-02-02'),
(16, 121, '2016-01-15', '2016-02-09'),
(3, 31, '2016-01-16', '2016-02-04'),
(18, 186, '2016-01-18', '2016-02-02'),
(8, 148, '2016-01-19', '2016-02-01'),
(7, 84, '2016-01-20', '2016-01-26'),
(14, 165, '2016-01-21', '2016-02-02'),
(6, 237, '2016-01-21', '2016-01-30'),
(7, 240, '2016-01-30', '2016-02-12'),
(10, 90, '2016-02-02', '2016-02-15'),
(6, 103, '2016-02-02', '2016-02-15'),
(18, 189, '2016-02-05', '2016-02-16'),
(20, 222, '2016-02-05', '2016-02-22'),
(14, 27, '2016-02-08', '2016-02-17'),
(2, 13, '2016-02-11', '2016-02-22'),
(3, 170, '2016-02-11', '2016-03-05'),
(8, 191, '2016-02-11', '2016-02-06'),
(16, 91, '2016-02-12', '2016-02-26'),
(7, 166, '2016-02-15', '2016-02-29'),
(5, 133, '2016-02-16', '2016-03-05'),
(6, 69, '2016-02-17', '2016-02-23'),
(10, 230, '2016-02-17', '2016-03-01'),
(14, 118, '2016-02-21', '2016-03-01'),
(18, 160, '2016-02-21', '2016-03-01'),
(6, 173, '2016-02-28', '2016-03-03'),
(16, 100, '2016-02-29', '2016-03-10'),
(19, 207, '2016-03-02', '2016-03-19'),
(1, 13, '2016-03-03', '2016-03-21'),
(7, 14, '2016-03-03', '2016-03-25'),
(18, 40, '2016-03-03', '2016-03-16'),
(2, 224, '2016-03-03', '2016-03-25'),
(10, 75, '2016-03-05', '2016-03-16'),
(6, 138, '2016-03-07', '2016-03-17'),
(14, 117, '2016-03-12', '2016-03-18'),
(5, 228, '2016-03-13', '2016-04-11'),
(16, 158, '2016-03-14', '2016-04-02'),
(3, 122, '2016-03-15', '2016-03-28'),
(8, 225, '2016-03-18', '2016-04-03'),
(10, 57, '2016-03-19', '2016-04-01'),
(18, 147, '2016-03-19', '2016-03-30'),
(6, 150, '2016-03-20', '2016-04-04'),
(19, 116, '2016-03-21', '2016-03-30'),
(14, 188, '2016-03-26', '2016-04-12'),
(7, 174, '2016-03-28', '2016-04-12'),
(21, 55, '2016-03-29', '2016-04-12'),
(18, 131, '2016-04-02', '2016-04-15'),
(19, 187, '2016-04-02', '2016-04-15'),
(16, 152, '2016-04-04', '2016-04-24'),
(10, 193, '2016-04-04', '2016-04-12'),
(8, 37, '2016-04-05', '2016-04-20'),
(3, 53, '2016-04-12', '2016-04-20'),
(14, 45, '2016-04-13', '2016-04-21'),
(5, 185, '2016-04-15', '2016-05-03'),
(6, 221, '2016-04-15', '2016-04-29'),
(10, 70, '2016-04-16', '2016-05-03'),
(2, 115, '2016-04-16', '2016-04-26'),
(19, 76, '2016-04-17', '2016-05-02'),
(7, 153, '2016-04-17', '2016-04-29'),
(18, 171, '2016-04-17', '2016-04-29'),
(17, 128, '2016-04-18', '2016-05-02'),
(21, 198, '2016-04-18', '2016-04-29'),
(14, 18, '2016-04-23', '2016-04-30'),
(16, 93, '2016-04-27', '2016-05-11'),
(8, 195, '2016-04-28', '2016-05-10'),
(4, 161, '2016-04-29', '2016-05-11'),
(21, 11, '2016-05-01', '2016-05-10'),
(6, 92, '2016-05-01', '2016-05-15'),
(14, 213, '2016-05-02', '2016-05-12'),
(1, 6, '2016-05-03', '2016-05-30'),
(2, 55, '2016-05-04', '2016-05-13'),
(18, 62, '2016-05-04', '2016-05-22'),
(19, 161, '2016-05-04', '2016-06-04'),
(17, 111, '2016-05-06', '2016-05-16'),
(12, 17, '2016-05-09', '2016-05-18'),
(10, 227, '2016-05-09', '2016-06-01'),
(7, 132, '2016-05-11', '2016-05-27'),
(21, 79, '2016-05-12', '2016-05-30'),
(8, 83, '2016-05-12', '2016-06-10'),
(13, 101, '2016-05-12', '2016-05-29'),
(16, 49, '2016-05-13', '2016-05-30'),
(4, 211, '2016-05-13', '2016-05-24'),
(5, 142, '2016-05-14', '2016-05-08'),
(14, 30, '2016-05-15', '2016-06-01'),
(3, 48, '2016-05-16', '2016-05-26'),
(17, 141, '2016-05-18', '2016-06-02'),
(6, 143, '2016-05-20', '2016-06-02'),
(12, 85, '2016-05-22', '2016-06-02'),
(18, 88, '2016-05-27', '2016-06-03'),
(4, 234, '2016-05-27', '2016-06-03'),
(13, 112, '2016-06-01', '2016-07-01'),
(2, 65, '2016-06-02', '2016-06-15'),
(16, 72, '2016-06-02', '2016-06-23'),
(21, 162, '2016-06-02', '2016-06-15'),
(17, 159, '2016-06-05', '2016-06-12'),
(10, 175, '2016-06-05', '2016-06-24'),
(6, 231, '2016-06-05', '2016-06-12'),
(4, 123, '2016-06-09', '2016-06-18'),
(12, 82, '2016-06-11', '2016-06-21'),
(5, 201, '2016-06-12', '2016-06-29'),
(18, 204, '2016-06-12', '2016-06-27'),
(3, 208, '2016-06-12', '2016-06-29'),
(7, 4, '2016-06-13', '2016-07-02'),
(17, 164, '2016-06-14', '2016-06-20'),
(21, 41, '2016-06-19', '2016-06-29'),
(2, 26, '2016-06-21', '2016-06-27'),
(6, 29, '2016-06-22', '2016-07-02'),
(4, 52, '2016-06-22', '2016-07-05'),
(19, 102, '2016-06-22', '2016-06-29'),
(8, 177, '2016-06-22', '2016-07-20'),
(17, 94, '2016-06-23', '2016-06-30'),
(16, 42, '2016-06-25', '2016-07-15'),
(12, 71, '2016-06-25', '2016-07-24'),
(9, 104, '2016-06-25', '2016-06-30'),
(10, 108, '2016-06-28', '2016-07-06'),
(1, 15, '2016-07-01', '2016-08-01'),
(19, 151, '2016-07-01', '2016-07-19'),
(21, 178, '2016-07-01', '2016-07-15'),
(17, 238, '2016-07-01', '2016-07-12'),
(2, 23, '2016-07-02', '2016-07-16'),
(9, 59, '2016-07-02', '2016-07-11'),
(3, 97, '2016-07-02', '2016-07-15'),
(13, 119, '2016-07-02', '2016-07-10'),
(5, 156, '2016-07-03', '2016-07-22'),
(7, 144, '2016-07-04', '2016-08-03'),
(4, 8, '2016-07-11', '2016-07-18'),
(9, 220, '2016-07-14', '2016-07-21'),
(17, 34, '2016-07-15', '2016-08-01'),
(13, 215, '2016-07-15', '2016-07-29'),
(10, 233, '2016-07-16', '2016-08-03'),
(16, 47, '2016-07-17', '2016-08-10'),
(21, 157, '2016-07-17', '2016-08-06'),
(4, 36, '2016-07-21', '2016-08-01'),
(3, 126, '2016-07-25', '2016-08-11'),
(9, 7, '2016-07-26', '2016-08-02'),
(2, 241, '2016-07-28', '2016-08-13'),
(19, 78, '2016-07-30', '2016-08-16'),
(13, 125, '2016-08-01', '2016-08-05'),
(9, 192, '2016-08-03', '2016-08-10'),
(17, 60, '2016-08-04', '2016-08-18'),
(10, 207, '2016-08-04', '2016-08-18'),
(12, 205, '2016-08-05', '2016-08-11'),
(4, 223, '2016-08-05', '2016-08-10'),
(13, 63, '2016-08-08', '2016-08-16'),
(21, 163, '2016-08-08', '2016-08-18'),
(7, 232, '2016-08-11', '2016-09-08'),
(9, 68, '2016-08-12', '2016-08-21'),
(16, 202, '2016-08-12', '2016-09-10'),
(12, 74, '2016-08-13', '2016-08-19'),
(4, 184, '2016-08-13', '2016-08-20'),
(3, 33, '2016-08-15', '2016-09-19'),
(2, 99, '2016-08-15', '2017-08-27'),
(1, 101, '2016-08-16', '2016-09-02'),
(17, 51, '2016-08-20', '2016-08-30'),
(13, 200, '2016-08-20', '2016-09-01'),
(21, 87, '2016-08-21', '2016-09-06'),
(8, 95, '2016-08-21', '2016-09-19'),
(10, 134, '2016-08-21', '2016-08-31'),
(9, 226, '2016-08-22', '2016-08-29'),
(12, 50, '2016-08-23', '2016-08-30'),
(4, 67, '2016-08-24', '2016-08-30'),
(19, 167, '2016-08-27', '2016-09-07'),
(9, 214, '2016-08-31', '2016-09-05'),
(12, 176, '2016-09-01', '2016-09-12'),
(17, 203, '2016-09-01', '2016-09-21'),
(4, 212, '2016-09-02', '2016-09-15'),
(2, 32, '2016-09-03', '2016-09-16'),
(13, 180, '2016-09-05', '2016-09-08'),
(10, 217, '2016-09-06', '2016-09-30'),
(9, 107, '2016-09-07', '2016-09-15'),
(19, 199, '2016-09-09', '2016-09-27'),
(21, 98, '2016-09-10', '2016-09-19'),
(20, 90, '2016-09-12', '2016-09-19'),
(12, 109, '2016-09-15', '2016-10-01'),
(13, 216, '2016-09-15', '2016-09-20'),
(4, 139, '2016-09-17', '2016-10-07'),
(9, 210, '2016-09-19', '2016-09-29'),
(1, 105, '2016-09-20', '2016-10-19'),
(3, 130, '2016-09-21', '2016-10-11'),
(5, 219, '2016-09-23', '2016-10-21'),
(7, 5, '2016-09-27', '2016-10-11'),
(20, 24, '2016-09-28', '2016-10-18'),
(21, 28, '2016-09-28', '2016-10-27'),
(2, 44, '2016-09-29', '2016-10-10'),
(19, 89, '2016-09-29', '2016-10-10'),
(13, 17, '2016-09-30', '2016-10-05'),
(9, 169, '2016-09-30', '2016-10-05'),
(8, 154, '2016-10-01', '2016-10-31'),
(12, 104, '2016-10-04', '2016-10-22'),
(9, 190, '2016-10-07', '2016-10-12'),
(13, 64, '2016-10-10', '2016-10-16'),
(4, 183, '2016-10-11', '2016-11-01'),
(19, 20, '2016-10-15', '2016-11-01'),
(9, 110, '2016-10-15', '2016-11-12'),
(3, 127, '2016-10-16', '2016-11-12'),
(2, 106, '2016-10-20', '2016-11-08'),
(13, 137, '2016-10-25', '2016-11-22'),
(12, 1, '2016-10-29', '2016-11-15'),
(8, 58, '2016-11-01', '2016-11-30'),
(2, 197, '2016-11-11', '2016-11-27'),
(12, 135, '2016-11-20', '2016-11-30'),
(3, 145, '2016-11-22', '2016-11-30'),
(8, 25, '2016-12-01', '2016-12-04'),
(20, 39, '2016-12-02', '2016-12-06');

-- --------------------------------------------------------

--
-- Table structure for table `User`
--

CREATE TABLE `User` (
  `UserID` int(11) NOT NULL,
  `Email` varchar(255) NOT NULL,
  `Password` varchar(255) NOT NULL,
  `Address` varchar(255) NOT NULL
) ENGINE=InnoDB DEFAULT CHARSET=latin1;

--
-- Dumping data for table `User`
--

INSERT INTO `User` (`UserID`, `Email`, `Password`, `Address`) VALUES
(1, 'abc123@gmail.com', 'abc123', '123 Fake Street, Philadelphia, PA 19131'),
(2, 'bszefinski@yahoo.com', 'bszefinski', '456 City Avenue, Philadelphia, PA 19006'),
(3, 'mblack@yahoo.com', 'mblack', '297 Road Street, Merion Station, PA 19151'),
(4, 'sfields@gmail.com', 'sfields', '945 Drive Way, Narberth, PA 19066'),
(5, 'scooney@gmail.com', 'scooney', '731 Privet Drive, Philadelphia, PA 19151'),
(6, 'anochenson@yahoo.com', 'anochenson', '146 Real Street, Bryn Mawr, PA 19066'),
(7, 'mkrueger@gmail.com', 'mkrueger', '269 Park Way, Philadelphia, PA 19131'),
(8, 'psherman@gmail.au', 'darla', '42 Wallaby Way, Sydney, Australia'),
(9, 'jondoe297@yahoo.com', 'parkalley', '1 Wayne Way, Gotham City, NY 49382'),
(10, 'joeschmoe@aol.com', 'josephschmoseph', '12 Imaginary Way, Lincoln, NE 84739'),
(11, 'bkane@gmail.com', 'bkane', '2900 Citrus Street, West Orange, NJ 07015'),
(12, 'bkaner@yahoo.com', 'brendankane', '1516 Stiles Street, Linden, NJ 07016'),
(13, 'bjoel@aol.com', 'onlythegooddieyoung', '1309 52 Street, Allentown, PA 90381'),
(14, 'msibona@yahoo.com', 'flyeaglesfly', '1400 122 Street, New York, New York 73612'),
(15, 'chrisbell@gmail.com', 'chem4life', '3928 West Avenue, Boise, Idaho 89382'),
(16, 'potus@whitehouse.gov', 'barryo', '1600 Pennsylvania Avenue NW, Washington, DC 20500'),
(17, 'santa@northpole.net', 'cringle', '325 S Santa Claus Lane, North Pole, Alaska 99705'),
(18, 'ndesmond@hotmail.com', 'salome', '10066 Sunset Boulevard, Hollywood, California 38372'),
(19, 'dsv@gmail.com', 'strwrs4lf', '2039 South Street, Dallas, TX 19283'),
(20, 'acarroll@yahoo.com', 'letsgo!!!', '29378 Right Avenue, Sierra Vista, Arizona 30484'),
(21, 'jbethersonton@aol.com', 'butterball', '11454 Pruder Street, Fargo, ND, 50504, APT 23-R');

-- --------------------------------------------------------

--
-- Table structure for table `WatchList`
--

CREATE TABLE `WatchList` (
  `UserID` int(11) NOT NULL,
  `MovieID` int(11) NOT NULL
) ENGINE=InnoDB DEFAULT CHARSET=latin1;

--
-- Dumping data for table `WatchList`
--

INSERT INTO `WatchList` (`UserID`, `MovieID`) VALUES
(1, 8),
(1, 12),
(1, 55),
(1, 92),
(1, 213),
(20, 11),
(20, 86),
(20, 88),
(20, 89),
(20, 91),
(20, 150),
(20, 153),
(6, 134),
(6, 153),
(6, 174),
(13, 27),
(13, 92),
(13, 105),
(13, 172),
(11, 25),
(11, 110),
(11, 126),
(11, 166),
(12, 3),
(12, 108),
(12, 136),
(12, 191),
(12, 213),
(2, 3),
(2, 154),
(2, 181),
(2, 192),
(2, 213),
(15, 8),
(19, 22),
(19, 77),
(21, 4),
(21, 166),
(21, 177),
(10, 212),
(10, 228),
(9, 25),
(9, 170),
(9, 233),
(3, 64),
(3, 214),
(3, 221),
(7, 17),
(7, 18),
(7, 19),
(14, 124),
(14, 216),
(18, 42),
(18, 46),
(18, 231),
(16, 4),
(8, 27),
(8, 192),
(8, 193),
(8, 200),
(17, 2),
(5, 43),
(5, 83),
(5, 220),
(5, 225),
(4, 11),
(4, 32),
(4, 185),
(4, 202),
(4, 224);

--
-- Indexes for dumped tables
--

--
-- Indexes for table `ActedIn`
--
ALTER TABLE `ActedIn`
  ADD KEY `MovieID` (`MovieID`),
  ADD KEY `ActorID` (`ActorID`);

--
-- Indexes for table `Actor`
--
ALTER TABLE `Actor`
  ADD PRIMARY KEY (`ActorID`);

--
-- Indexes for table `Director`
--
ALTER TABLE `Director`
  ADD PRIMARY KEY (`DirectorID`);

--
-- Indexes for table `Genre`
--
ALTER TABLE `Genre`
  ADD PRIMARY KEY (`GenreID`);

--
-- Indexes for table `Movie`
--
ALTER TABLE `Movie`
  ADD PRIMARY KEY (`MovieID`),
  ADD KEY `GenreID` (`GenreID`),
  ADD KEY `DirectorID` (`DirectorID`);

--
-- Indexes for table `Rating`
--
ALTER TABLE `Rating`
  ADD PRIMARY KEY (`RatingID`),
  ADD KEY `MovieID` (`MovieID`),
  ADD KEY `UserID` (`UserID`);

--
-- Indexes for table `RentalHistory`
--
ALTER TABLE `RentalHistory`
  ADD PRIMARY KEY (`DateRented`,`MovieID`,`UserID`),
  ADD KEY `MovieID` (`MovieID`),
  ADD KEY `UserID` (`UserID`);

--
-- Indexes for table `User`
--
ALTER TABLE `User`
  ADD PRIMARY KEY (`UserID`);

--
-- Indexes for table `WatchList`
--
ALTER TABLE `WatchList`
  ADD KEY `MovieID` (`MovieID`),
  ADD KEY `UserID` (`UserID`);

--
-- Constraints for dumped tables
--

--
-- Constraints for table `ActedIn`
--
ALTER TABLE `ActedIn`
  ADD CONSTRAINT `actedin_ibfk_1` FOREIGN KEY (`MovieID`) REFERENCES `Movie` (`MovieID`),
  ADD CONSTRAINT `actedin_ibfk_2` FOREIGN KEY (`ActorID`) REFERENCES `Actor` (`ActorID`);

--
-- Constraints for table `Movie`
--
ALTER TABLE `Movie`
  ADD CONSTRAINT `movie_ibfk_1` FOREIGN KEY (`GenreID`) REFERENCES `Genre` (`GenreID`),
  ADD CONSTRAINT `movie_ibfk_2` FOREIGN KEY (`DirectorID`) REFERENCES `Director` (`DirectorID`);

--
-- Constraints for table `Rating`
--
ALTER TABLE `Rating`
  ADD CONSTRAINT `rating_ibfk_1` FOREIGN KEY (`MovieID`) REFERENCES `Movie` (`MovieID`),
  ADD CONSTRAINT `rating_ibfk_2` FOREIGN KEY (`UserID`) REFERENCES `User` (`UserID`);

--
-- Constraints for table `RentalHistory`
--
ALTER TABLE `RentalHistory`
  ADD CONSTRAINT `rentalhistory_ibfk_1` FOREIGN KEY (`MovieID`) REFERENCES `Movie` (`MovieID`),
  ADD CONSTRAINT `rentalhistory_ibfk_2` FOREIGN KEY (`UserID`) REFERENCES `User` (`UserID`);

--
-- Constraints for table `WatchList`
--
ALTER TABLE `WatchList`
  ADD CONSTRAINT `watchlist_ibfk_1` FOREIGN KEY (`MovieID`) REFERENCES `Movie` (`MovieID`),
  ADD CONSTRAINT `watchlist_ibfk_2` FOREIGN KEY (`UserID`) REFERENCES `User` (`UserID`);

/*!40101 SET CHARACTER_SET_CLIENT=@OLD_CHARACTER_SET_CLIENT */;
/*!40101 SET CHARACTER_SET_RESULTS=@OLD_CHARACTER_SET_RESULTS */;
/*!40101 SET COLLATION_CONNECTION=@OLD_COLLATION_CONNECTION */;
